domain_id,domain_name,primary_chapters,secondary_chapters,required_artifacts,assessment_evidence,depth,adjacent_boundary
FDE-K01,"Role, ethics, and outcome ownership","1;2;4;10;16;19","5;15;17;18","responsibility charter; boundary memo; decision-rights map; escalation record","classifies ownership correctly; states authority limits; makes evidence-backed go/stop/escalate decisions",advanced,"Not general consulting, legal authority, sales ownership, or security authorization"
FDE-K02,"Workflow discovery and domain learning","2;3","4;5;7;9;17","discovery plan; evidence log; stakeholder map; workflow map; exception taxonomy; problem statement","distinguishes stated request from real workflow; validates exceptions and failure cost with credible evidence",advanced,"Not universal domain expertise or organization-wide transformation consulting"
FDE-K03,"Outcome contracts, scope, and sequencing","4;5;15;19","3;9;10;17","outcome contract; metric tree; scope boundary; milestone plan; dependency map; risk register","selects a minimal safe production path; defines outcome/guardrail metrics and exit criteria; controls change",advanced,"Not commercial contracting, pricing, or generic program management"
FDE-K04,"Architecture and customer integration","6;7;8;10;11","5;9;12;14;15","architecture decisions; boundary diagram; interface catalog; topology; identity flow; vertical slice","defines runtime/trust/data/ownership boundaries; resolves integration constraints; defends build-buy-reuse decisions",advanced,"Not permanent enterprise architecture authority or ownership of every platform component"
FDE-K05,"Production engineering","11;12;14;16","7;13;18","production code; repository map; test suite; release pipeline; corrective action; debt register","ships reviewable production behavior; diagnoses failures; implements safe change and recovery",advanced,"Not a general software-engineering curriculum or full product-codebase ownership"
FDE-K06,"Data contracts and quality","7;11","3;8;9;12;13","data contract; schema; quality rules; lineage; reconciliation plan; test fixtures","detects semantic mismatch; designs idempotent/reconcilable paths; handles missing, late, duplicate, and invalid data",practitioner,"Not enterprise data-platform, warehouse, lakehouse, or organization-wide governance ownership"
FDE-K07,"AI/model integration and evaluation","9;12;13","4;7;10;11;15;16","AI decision record; error taxonomy; eval dataset; control ladder; quality telemetry; limitation record","decides when AI is appropriate; connects model error to workflow risk; uses deterministic/human controls; measures behavior",advanced,"Not foundation-model research, generalized ML training, or complete MLOps"
FDE-K08,"Security, privacy, governance, and compliance","10","2;5;6;8;9;12;14;15;16","threat/risk model; control matrix; data-handling record; access design; approval path; evidence packet","identifies risk and authority; implements least privilege and evidence; escalates formal decisions to accountable roles",advanced,"Not legal advice, privacy-office practice, independent audit, or risk acceptance authority"
FDE-K09,"Verification, reliability, and operations","12;13;14;15;16","6;7;8;9;10;11;17","verification matrix; UAT protocol; SLOs; dashboards; runbooks; rollback and recovery records; incident timeline","makes claims falsifiable; detects degradation; chooses rollout/recovery action; demonstrates operational readiness",advanced,"Not permanent SRE/on-call ownership unless the engagement operating model assigns it"
FDE-K10,"Rollout, adoption, enablement, and handoff","15;17","4;13;14;16;18","readiness review; rollout plan; adoption review; enablement plan; support RACI; handoff acceptance","proves safe rollout and real workflow use; removes technical adoption blockers; transfers operable ownership",advanced,"Not renewals, general account health, broad customer success, or enterprise change management"
FDE-K11,"Field learning and product leverage","18;19","1;11;13;16;17","outcome review; pattern ledger; reuse proposal; field-to-product memo; portfolio evidence","separates one-off specifics from repeated patterns; proposes abstraction with evidence and isolation; closes feedback loops",advanced,"Not unilateral product-roadmap prioritization or relabeling customer code as platform"
FDE-K12,"Engagement leadership and portfolio judgment","1;5;16;19","2;4;10;15;17;18","stakeholder/decision map; risk decisions; incident log; escalation memo; portfolio review; operating cadence","communicates at multiple altitudes; resolves or escalates decisions; balances scope-speed-quality-risk across deployments",advanced,"Not generic people management, sales leadership, or portfolio governance outside deployment outcomes"
