domain_id,domain_title,volume_1_primary_chapters,volume_1_reinforcement,volume_2_primary_chapters,volume_2_reinforcement,capstone_milestones,coverage_note
LLME-K01,"Language tasks and behavior contracts","1;2","7;9;13;16","1","8;17","MD-01;MD-06;MD-08;MD-09","V1 establishes complete contract and authority behavior; V2 consumes and audits rather than reteaching it."
LLME-K02,"Transformer token and generation literacy","3","4;8","2;15","3;11;13;16","MD-02;MD-04;MD-09;MD-15","V1 teaches decision-level mechanisms; V2 deepens only where adaptation and runtime choices require it."
LLME-K03,"Model and access-posture selection","4","5;15;16","3","1;2;13;17","MD-02;MD-07;MD-08;MD-09;MD-13;MD-16","Covers managed hosted open-weight adapted and hybrid postures without making any one mandatory."
LLME-K04,"Prompt context and structured interfaces","5;6;7;8","3;11;15;16","","1;2;14;17","MD-03;MD-04;MD-08;MD-09;MD-14;MD-16","Owned fully in V1; V2 preserves version identity and compatibility but does not repeat prompting instruction."
LLME-K05,"Retrieval and grounding","9;10;11;12","8;13;15;16","","1;3;17","MD-04;MD-05;MD-06;MD-08;MD-09;MD-16","Retrieval is a V1 subsystem; V2 only measures dependence and compatibility when adaptation changes behavior."
LLME-K06,"Language-model evaluation","12;13;14;15","2;5;6;7;8;16","1;7;8;12;16;17","3;5;6;9;10;11;13","MD-03;MD-06;MD-07;MD-08;MD-09;MD-11;MD-12;MD-13;MD-15;MD-16","V1 builds task evaluation and grader credibility; V2 extends it to target retention control and resource regressions."
LLME-K07,"Language data and adaptation evidence","","13;15;16","1;3;4;5;6;7;8;9","10;11;12;13;14;17","MD-08;MD-09;MD-10;MD-11;MD-12;MD-13;MD-14;MD-16","V1 produces only the evidence-backed handoff; V2 owns traceable learning data and experimental lineage."
LLME-K08,"Post-training methods","","16","3;6;7;9;10;11;12;13","8;14;17","MD-08;MD-09;MD-11;MD-12;MD-13;MD-14;MD-16","Method chapters are decision- and evidence-centered rather than library tutorials."
LLME-K09,"Inference and operational quality","4;16","3;5;7;8;10;15","14;15;16;17","1;2;3;9;11;13","MD-02;MD-03;MD-04;MD-05;MD-07;MD-08;MD-09;MD-12;MD-14;MD-15;MD-16","Both volumes own task-level operation; generalized platforms kernels and fleet operations remain adjacent."
LLME-K10,"Responsible controls and authority","2;6;7;8;9;11;13;14;16","1;4;10;12;15","4;5;7;8;12;14;17","1;2;3;6;9;13;16","MD-01;MD-03;MD-04;MD-05;MD-06;MD-08;MD-09;MD-10;MD-11;MD-13;MD-14;MD-16","Controls map objective to implementation evidence residual limit and owner; no formal authority is claimed."
LLME-K11,"Release change and incident learning","16","4;5;15","14;16;17","1;3;8;9;12;13;15","MD-08;MD-09;MD-12;MD-14;MD-15;MD-16","V1 proves provider/model migration; V2 proves adapted checkpoint tokenizer runtime release and incident replay."
LLME-K12,"Advanced model-system leadership","1;16","2;4;15","15;17","1;3;14;16","MD-01;MD-08;MD-09;MD-15;MD-16","Leadership appears through evidence standards strategy specialist interfaces uncertainty and authority boundaries."
