claim_id,chapter_id,chapter_order,claim_class,source_ids,architecture_claim_ids,boundary_ids,scenario_ids,domain_ids,port_ids,case_ids,durability,confidence
"MLE-BCLM-001","MLE-CH-01","1","role-market-boundary","MLE-BSRC-045;MLE-BSRC-046","MLE-CLM-001;MLE-CLM-005;MLE-CLM-006;MLE-CLM-007;MLE-CLM-021;MLE-CLM-022","BND-01;BND-02;BND-03;BND-04;BND-05;BND-06;BND-07;BND-08;BND-09;BND-10;BND-11;BND-12;BND-13;BND-14;BND-15;BND-16;BND-17","","PD-01","PORT-MANAGED;PORT-CLASSICAL;PORT-DEEP;PORT-EDGE;PORT-SHARED","CASE-01;CASE-07","volatile","high"
"MLE-BCLM-002","MLE-CH-01","1","technical-doctrine","MLE-BSRC-005;MLE-BSRC-007","MLE-CLM-002;MLE-CLM-005;MLE-CLM-021","BND-09;BND-10;BND-11;BND-12","","PD-01","PORT-MANAGED;PORT-CLASSICAL;PORT-DEEP;PORT-EDGE;PORT-SHARED","CASE-01;CASE-06;CASE-07","durable","high"
"MLE-BCLM-003","MLE-CH-01","1","technical-doctrine","MLE-BSRC-027;MLE-BSRC-028","MLE-CLM-002;MLE-CLM-006;MLE-CLM-007;MLE-CLM-022","BND-01;BND-03;BND-05;BND-13;BND-14;BND-15;BND-16;BND-17","","PD-01","PORT-MANAGED;PORT-CLASSICAL;PORT-DEEP;PORT-EDGE;PORT-SHARED","CASE-01;CASE-06","durable","high"
"MLE-BCLM-004","MLE-CH-02","2","technical-doctrine","MLE-BSRC-006;MLE-BSRC-028;MLE-BSRC-038","MLE-CLM-002;MLE-CLM-006;MLE-CLM-008;MLE-CLM-015;MLE-CLM-020","BND-13;BND-15;BND-16;BND-17","SCN-06;SCN-08","PD-01","PORT-MANAGED;PORT-CLASSICAL;PORT-DEEP;PORT-EDGE;PORT-SHARED","CASE-01;CASE-02;CASE-03;CASE-05;CASE-06","durable","high"
"MLE-BCLM-005","MLE-CH-02","2","technical-doctrine","MLE-BSRC-027;MLE-BSRC-028","MLE-CLM-002;MLE-CLM-006;MLE-CLM-020","BND-13;BND-15;BND-16;BND-17","SCN-06;SCN-08","PD-01","PORT-MANAGED;PORT-CLASSICAL;PORT-DEEP;PORT-EDGE;PORT-SHARED","CASE-01;CASE-02;CASE-03;CASE-05","durable","high"
"MLE-BCLM-006","MLE-CH-02","2","technical-method","MLE-BSRC-015","MLE-CLM-008;MLE-CLM-015","BND-13;BND-17","SCN-08","PD-01","PORT-MANAGED;PORT-CLASSICAL;PORT-DEEP;PORT-EDGE;PORT-SHARED","CASE-01;CASE-03","contextual","medium"
"MLE-BCLM-007","MLE-CH-03","3","technical-method","MLE-BSRC-007;MLE-BSRC-015","MLE-CLM-008;MLE-CLM-015","BND-01;BND-13;BND-17","SCN-09","PD-01","PORT-MANAGED;PORT-CLASSICAL;PORT-DEEP;PORT-EDGE;PORT-SHARED","CASE-01;CASE-03;CASE-06","durable","high"
"MLE-BCLM-008","MLE-CH-03","3","technical-doctrine","MLE-BSRC-006;MLE-BSRC-028;MLE-BSRC-038","MLE-CLM-008;MLE-CLM-015","BND-01;BND-13;BND-17","SCN-09","PD-01","PORT-MANAGED;PORT-CLASSICAL;PORT-DEEP;PORT-EDGE;PORT-SHARED","CASE-01;CASE-03","durable","high"
"MLE-BCLM-009","MLE-CH-03","3","technical-doctrine","MLE-BSRC-027;MLE-BSRC-028","MLE-CLM-008;MLE-CLM-015","BND-01;BND-13;BND-17","SCN-09","PD-01","PORT-MANAGED;PORT-CLASSICAL;PORT-DEEP;PORT-EDGE;PORT-SHARED","CASE-01;CASE-03","durable","high"
"MLE-BCLM-010","MLE-CH-04","4","technical-doctrine","MLE-BSRC-002;MLE-BSRC-003","MLE-CLM-004;MLE-CLM-009;MLE-CLM-017;MLE-CLM-018;MLE-CLM-020","BND-02;BND-09;BND-10;BND-16;BND-17","SCN-02;SCN-08","PD-02","PORT-MANAGED;PORT-CLASSICAL;PORT-DEEP;PORT-EDGE;PORT-SHARED","CASE-01;CASE-02;CASE-03;CASE-04;CASE-05","durable","high"
"MLE-BCLM-011","MLE-CH-04","4","technical-mechanism","MLE-BSRC-007;MLE-BSRC-024","MLE-CLM-004;MLE-CLM-009;MLE-CLM-017","BND-02;BND-09;BND-10;BND-16;BND-17","SCN-02;SCN-08","PD-02","PORT-MANAGED;PORT-CLASSICAL;PORT-DEEP;PORT-EDGE;PORT-SHARED","CASE-01;CASE-02;CASE-03;CASE-04;CASE-05;CASE-06","contextual","high"
"MLE-BCLM-012","MLE-CH-04","4","technical-doctrine","MLE-BSRC-004;MLE-BSRC-028;MLE-BSRC-038","MLE-CLM-009;MLE-CLM-018;MLE-CLM-020","BND-02;BND-16;BND-17","SCN-02;SCN-08","PD-02","PORT-MANAGED;PORT-CLASSICAL;PORT-DEEP;PORT-EDGE;PORT-SHARED","CASE-01;CASE-02;CASE-03;CASE-04;CASE-05","durable","high"
"MLE-BCLM-013","MLE-CH-05","5","technical-doctrine","MLE-BSRC-005;MLE-BSRC-043","MLE-CLM-004;MLE-CLM-009;MLE-CLM-017;MLE-CLM-018","BND-02;BND-09;BND-10;BND-16","SCN-02","PD-03","PORT-MANAGED;PORT-CLASSICAL;PORT-DEEP;PORT-EDGE;PORT-SHARED","CASE-01;CASE-03;CASE-05;CASE-07","durable","high"
"MLE-BCLM-014","MLE-CH-05","5","technical-doctrine","MLE-BSRC-004;MLE-BSRC-005;MLE-BSRC-015","MLE-CLM-004;MLE-CLM-009;MLE-CLM-017;MLE-CLM-018","BND-02;BND-09;BND-10;BND-16","SCN-02","PD-03","PORT-MANAGED;PORT-CLASSICAL;PORT-DEEP;PORT-EDGE;PORT-SHARED","CASE-01;CASE-03;CASE-05;CASE-06;CASE-07","durable","high"
"MLE-BCLM-015","MLE-CH-05","5","technical-method","MLE-BSRC-015;MLE-BSRC-024;MLE-BSRC-043;MLE-BSRC-044","MLE-CLM-004;MLE-CLM-009;MLE-CLM-017","BND-02;BND-09;BND-10","SCN-02","PD-03","PORT-MANAGED;PORT-CLASSICAL;PORT-DEEP;PORT-EDGE;PORT-SHARED","CASE-01;CASE-03;CASE-05;CASE-06;CASE-07","contextual","high"
"MLE-BCLM-016","MLE-CH-06","6","technical-method","MLE-BSRC-014;MLE-BSRC-015","MLE-CLM-004;MLE-CLM-009;MLE-CLM-010;MLE-CLM-017","BND-02;BND-09;BND-10;BND-17","SCN-03;SCN-08","PD-03","PORT-MANAGED;PORT-CLASSICAL;PORT-DEEP;PORT-EDGE;PORT-SHARED","CASE-01;CASE-03;CASE-04;CASE-05","durable","high"
"MLE-BCLM-017","MLE-CH-06","6","technical-doctrine","MLE-BSRC-013;MLE-BSRC-025","MLE-CLM-004;MLE-CLM-009;MLE-CLM-010;MLE-CLM-017","BND-02;BND-09;BND-10;BND-17","SCN-03;SCN-08","PD-03","PORT-MANAGED;PORT-CLASSICAL;PORT-DEEP;PORT-EDGE;PORT-SHARED","CASE-01;CASE-03;CASE-04;CASE-05","durable","high"
"MLE-BCLM-018","MLE-CH-06","6","technical-method","MLE-BSRC-015;MLE-BSRC-024;MLE-BSRC-044","MLE-CLM-004;MLE-CLM-009;MLE-CLM-010;MLE-CLM-017","BND-02;BND-09;BND-10;BND-17","SCN-03;SCN-08","PD-03","PORT-MANAGED;PORT-CLASSICAL;PORT-DEEP;PORT-EDGE;PORT-SHARED","CASE-01;CASE-03;CASE-04;CASE-05;CASE-06;CASE-07","contextual","high"
"MLE-BCLM-019","MLE-CH-07","7","technical-method","MLE-BSRC-007;MLE-BSRC-010;MLE-BSRC-015","MLE-CLM-004;MLE-CLM-008;MLE-CLM-010;MLE-CLM-017","BND-01;BND-03;BND-04;BND-09;BND-10","SCN-09","PD-04","PORT-MANAGED;PORT-CLASSICAL;PORT-DEEP;PORT-EDGE;PORT-SHARED","CASE-01;CASE-02;CASE-03;CASE-04;CASE-06","durable","high"
"MLE-BCLM-020","MLE-CH-07","7","technical-mechanism","MLE-BSRC-018;MLE-BSRC-043","MLE-CLM-004;MLE-CLM-010;MLE-CLM-017","BND-03;BND-04;BND-09;BND-10","SCN-09","PD-04","PORT-MANAGED;PORT-CLASSICAL;PORT-DEEP;PORT-EDGE;PORT-SHARED","CASE-01;CASE-02;CASE-03;CASE-04;CASE-07","contextual","high"
"MLE-BCLM-021","MLE-CH-07","7","technical-doctrine","MLE-BSRC-018;MLE-BSRC-021","MLE-CLM-004;MLE-CLM-010;MLE-CLM-017","BND-03;BND-04;BND-09;BND-10","SCN-09","PD-04","PORT-MANAGED;PORT-CLASSICAL;PORT-DEEP;PORT-EDGE;PORT-SHARED","CASE-01;CASE-02;CASE-03;CASE-04","durable","high"
"MLE-BCLM-022","MLE-CH-08","8","technical-doctrine","MLE-BSRC-009;MLE-BSRC-021","MLE-CLM-010;MLE-CLM-017;MLE-CLM-018;MLE-CLM-022","BND-03;BND-04;BND-09;BND-10","SCN-03","PD-04","PORT-MANAGED;PORT-CLASSICAL;PORT-DEEP;PORT-EDGE;PORT-SHARED","CASE-01;CASE-02;CASE-04;CASE-05;CASE-08","durable","high"
"MLE-BCLM-023","MLE-CH-08","8","technical-method","MLE-BSRC-009;MLE-BSRC-018","MLE-CLM-010;MLE-CLM-017;MLE-CLM-018;MLE-CLM-022","BND-03;BND-04;BND-09;BND-10","SCN-03","PD-04","PORT-MANAGED;PORT-CLASSICAL;PORT-DEEP;PORT-EDGE;PORT-SHARED","CASE-01;CASE-02;CASE-04;CASE-05;CASE-08","durable","high"
"MLE-BCLM-024","MLE-CH-08","8","technical-mechanism","MLE-BSRC-021","MLE-CLM-010;MLE-CLM-017;MLE-CLM-018;MLE-CLM-022","BND-03;BND-04;BND-09;BND-10","SCN-03","PD-04","PORT-MANAGED;PORT-CLASSICAL;PORT-DEEP;PORT-EDGE;PORT-SHARED","CASE-01;CASE-02;CASE-04;CASE-05;CASE-08","contextual","high"
"MLE-BCLM-025","MLE-CH-09","9","technical-doctrine","MLE-BSRC-010;MLE-BSRC-022","MLE-CLM-011;MLE-CLM-015;MLE-CLM-017","BND-01;BND-03;BND-04;BND-05","SCN-09","PD-05","PORT-MANAGED;PORT-CLASSICAL;PORT-DEEP;PORT-EDGE;PORT-SHARED","CASE-01;CASE-03;CASE-04","durable","high"
"MLE-BCLM-026","MLE-CH-09","9","technical-method","MLE-BSRC-006;MLE-BSRC-010;MLE-BSRC-018","MLE-CLM-011;MLE-CLM-015;MLE-CLM-017","BND-01;BND-03;BND-04;BND-05","SCN-09","PD-05","PORT-MANAGED;PORT-CLASSICAL;PORT-DEEP;PORT-EDGE;PORT-SHARED","CASE-01;CASE-03;CASE-04","durable","high"
"MLE-BCLM-027","MLE-CH-09","9","technical-doctrine","MLE-BSRC-006;MLE-BSRC-028","MLE-CLM-011;MLE-CLM-015;MLE-CLM-017","BND-01;BND-03;BND-04;BND-05","SCN-09","PD-05","PORT-MANAGED;PORT-CLASSICAL;PORT-DEEP;PORT-EDGE;PORT-SHARED","CASE-01;CASE-03;CASE-04","durable","high"
"MLE-BCLM-028","MLE-CH-10","10","technical-doctrine","MLE-BSRC-006;MLE-BSRC-025","MLE-CLM-011;MLE-CLM-016;MLE-CLM-019;MLE-CLM-020","BND-01;BND-05;BND-13;BND-15;BND-17","SCN-01;SCN-08","PD-06","PORT-MANAGED;PORT-CLASSICAL;PORT-DEEP;PORT-EDGE;PORT-SHARED","CASE-01;CASE-02;CASE-03;CASE-04;CASE-05;CASE-09","durable","high"
"MLE-BCLM-029","MLE-CH-10","10","bounded-case-inference","MLE-BSRC-011;MLE-BSRC-032","MLE-CLM-011;MLE-CLM-016;MLE-CLM-019;MLE-CLM-020","BND-01;BND-05;BND-13;BND-15;BND-17","SCN-01;SCN-08","PD-06","PORT-MANAGED;PORT-CLASSICAL;PORT-DEEP;PORT-EDGE;PORT-SHARED","CASE-01;CASE-02;CASE-03;CASE-04;CASE-05;CASE-09","contextual","high"
"MLE-BCLM-030","MLE-CH-10","10","technical-method","MLE-BSRC-025;MLE-BSRC-028;MLE-BSRC-032","MLE-CLM-011;MLE-CLM-016;MLE-CLM-019;MLE-CLM-020","BND-01;BND-05;BND-13;BND-15;BND-17","SCN-01;SCN-08","PD-06","PORT-MANAGED;PORT-CLASSICAL;PORT-DEEP;PORT-EDGE;PORT-SHARED","CASE-01;CASE-02;CASE-03;CASE-04;CASE-05;CASE-09","durable","high"
"MLE-BCLM-031","MLE-CH-11","11","technical-doctrine","MLE-BSRC-012;MLE-BSRC-023","MLE-CLM-011;MLE-CLM-016;MLE-CLM-019","BND-01;BND-05;BND-15;BND-17","SCN-01","PD-06","PORT-MANAGED;PORT-CLASSICAL;PORT-DEEP;PORT-EDGE;PORT-SHARED","CASE-01;CASE-03;CASE-04;CASE-09","durable","high"
"MLE-BCLM-032","MLE-CH-11","11","technical-method","MLE-BSRC-012;MLE-BSRC-023","MLE-CLM-011;MLE-CLM-016;MLE-CLM-019","BND-01;BND-05;BND-15;BND-17","SCN-01","PD-06","PORT-MANAGED;PORT-CLASSICAL;PORT-DEEP;PORT-EDGE;PORT-SHARED","CASE-01;CASE-03;CASE-04;CASE-09","durable","high"
"MLE-BCLM-033","MLE-CH-11","11","technical-doctrine","MLE-BSRC-006;MLE-BSRC-025","MLE-CLM-011;MLE-CLM-016;MLE-CLM-019","BND-01;BND-05;BND-15;BND-17","SCN-01","PD-06","PORT-MANAGED;PORT-CLASSICAL;PORT-DEEP;PORT-EDGE;PORT-SHARED","CASE-01;CASE-03;CASE-04;CASE-09","durable","high"
"MLE-BCLM-034","MLE-CH-12","12","technical-method","MLE-BSRC-006;MLE-BSRC-019;MLE-BSRC-028","MLE-CLM-006;MLE-CLM-011;MLE-CLM-019;MLE-CLM-020;MLE-CLM-022","BND-01;BND-05;BND-13;BND-15;BND-16;BND-17","SCN-01;SCN-08;SCN-09","PD-07","PORT-MANAGED;PORT-CLASSICAL;PORT-DEEP;PORT-EDGE;PORT-SHARED","CASE-01;CASE-02;CASE-03;CASE-05;CASE-09","durable","high"
"MLE-BCLM-035","MLE-CH-12","12","technical-doctrine","MLE-BSRC-019;MLE-BSRC-028","MLE-CLM-006;MLE-CLM-011;MLE-CLM-019;MLE-CLM-020;MLE-CLM-022","BND-01;BND-05;BND-13;BND-15;BND-16;BND-17","SCN-01;SCN-08;SCN-09","PD-07","PORT-MANAGED;PORT-CLASSICAL;PORT-DEEP;PORT-EDGE;PORT-SHARED","CASE-01;CASE-02;CASE-03;CASE-05;CASE-09","durable","high"
"MLE-BCLM-036","MLE-CH-12","12","technical-doctrine","MLE-BSRC-025;MLE-BSRC-028","MLE-CLM-006;MLE-CLM-011;MLE-CLM-019;MLE-CLM-020;MLE-CLM-022","BND-01;BND-05;BND-13;BND-15;BND-16;BND-17","SCN-01;SCN-08;SCN-09","PD-07","PORT-MANAGED;PORT-CLASSICAL;PORT-DEEP;PORT-EDGE;PORT-SHARED","CASE-01;CASE-02;CASE-03;CASE-05","durable","high"
"MLE-BCLM-037","MLE-CH-13","13","technical-method","MLE-BSRC-016;MLE-BSRC-018;MLE-BSRC-033;MLE-BSRC-036;MLE-BSRC-037","MLE-CLM-003;MLE-CLM-005;MLE-CLM-012;MLE-CLM-015;MLE-CLM-017;MLE-CLM-021","BND-03;BND-04;BND-06;BND-07;BND-08;BND-09;BND-10;BND-11","SCN-05;SCN-09;SCN-10","PD-08","PORT-MANAGED;PORT-CLASSICAL;PORT-DEEP;PORT-EDGE;PORT-SHARED","CASE-01;CASE-02;CASE-03;CASE-04;CASE-05","durable","high"
"MLE-BCLM-038","MLE-CH-13","13","technical-mechanism","MLE-BSRC-017","MLE-CLM-003;MLE-CLM-005;MLE-CLM-012;MLE-CLM-015;MLE-CLM-017;MLE-CLM-021","BND-03;BND-04;BND-06;BND-07;BND-08;BND-09;BND-10;BND-11","SCN-05;SCN-09;SCN-10","PD-08","PORT-MANAGED;PORT-CLASSICAL;PORT-DEEP;PORT-EDGE;PORT-SHARED","CASE-01;CASE-02;CASE-03;CASE-04;CASE-05","contextual","high"
"MLE-BCLM-039","MLE-CH-13","13","technical-doctrine","MLE-BSRC-006;MLE-BSRC-016;MLE-BSRC-017;MLE-BSRC-028;MLE-BSRC-036","MLE-CLM-003;MLE-CLM-005;MLE-CLM-012;MLE-CLM-015;MLE-CLM-017;MLE-CLM-021","BND-03;BND-04;BND-06;BND-07;BND-08;BND-09;BND-10;BND-11","SCN-05;SCN-09;SCN-10","PD-08","PORT-MANAGED;PORT-CLASSICAL;PORT-DEEP;PORT-EDGE;PORT-SHARED","CASE-01;CASE-02;CASE-03;CASE-04;CASE-05","durable","high"
"MLE-BCLM-040","MLE-CH-14","14","technical-doctrine","MLE-BSRC-020","MLE-CLM-005;MLE-CLM-012;MLE-CLM-017;MLE-CLM-018;MLE-CLM-021","BND-06;BND-07;BND-08;BND-09;BND-10;BND-11","SCN-02;SCN-05;SCN-06","PD-08","PORT-MANAGED;PORT-CLASSICAL;PORT-DEEP;PORT-EDGE;PORT-SHARED","CASE-01;CASE-05;CASE-10","durable","high"
"MLE-BCLM-041","MLE-CH-14","14","technical-method","MLE-BSRC-016;MLE-BSRC-017;MLE-BSRC-020;MLE-BSRC-034","MLE-CLM-005;MLE-CLM-012;MLE-CLM-017;MLE-CLM-018;MLE-CLM-021","BND-06;BND-07;BND-08;BND-09;BND-10;BND-11","SCN-02;SCN-05;SCN-06","PD-08","PORT-MANAGED;PORT-CLASSICAL;PORT-DEEP;PORT-EDGE;PORT-SHARED","CASE-01;CASE-05;CASE-10","durable","high"
"MLE-BCLM-042","MLE-CH-14","14","technical-mechanism","MLE-BSRC-005;MLE-BSRC-017;MLE-BSRC-020;MLE-BSRC-028","MLE-CLM-005;MLE-CLM-012;MLE-CLM-017;MLE-CLM-018;MLE-CLM-021","BND-06;BND-07;BND-08;BND-09;BND-10;BND-11","SCN-02;SCN-05;SCN-06","PD-08","PORT-MANAGED;PORT-CLASSICAL;PORT-DEEP;PORT-EDGE;PORT-SHARED","CASE-01;CASE-05;CASE-10","contextual","high"
"MLE-BCLM-043","MLE-CH-15","15","technical-doctrine","MLE-BSRC-030;MLE-BSRC-031;MLE-BSRC-036","MLE-CLM-012;MLE-CLM-014;MLE-CLM-017;MLE-CLM-018;MLE-CLM-020","BND-09;BND-10;BND-11;BND-14","SCN-10","PD-09","PORT-MANAGED;PORT-CLASSICAL;PORT-DEEP;PORT-EDGE;PORT-SHARED","CASE-11","durable","high"
"MLE-BCLM-044","MLE-CH-15","15","technical-method","MLE-BSRC-035;MLE-BSRC-036","MLE-CLM-012;MLE-CLM-014;MLE-CLM-018","BND-09;BND-10;BND-14","SCN-10","PD-09","PORT-MANAGED;PORT-CLASSICAL;PORT-DEEP;PORT-EDGE;PORT-SHARED","CASE-11","durable","high"
"MLE-BCLM-045","MLE-CH-15","15","bounded-case-inference","MLE-BSRC-042","MLE-CLM-012;MLE-CLM-017;MLE-CLM-018","BND-09;BND-10;BND-11;BND-14","SCN-10","PD-09","PORT-MANAGED;PORT-CLASSICAL;PORT-DEEP;PORT-EDGE;PORT-SHARED","CASE-11","contextual","high"
"MLE-BCLM-046","MLE-CH-16","16","technical-doctrine","MLE-BSRC-008","MLE-CLM-003;MLE-CLM-013;MLE-CLM-016;MLE-CLM-018","BND-09;BND-10;BND-11;BND-12","SCN-02;SCN-07;SCN-09","PD-10","PORT-MANAGED;PORT-CLASSICAL;PORT-DEEP;PORT-EDGE;PORT-SHARED","CASE-12","durable","high"
"MLE-BCLM-047","MLE-CH-16","16","technical-method","MLE-BSRC-007;MLE-BSRC-008;MLE-BSRC-016;MLE-BSRC-040","MLE-CLM-003;MLE-CLM-013;MLE-CLM-016;MLE-CLM-018","BND-09;BND-10;BND-11;BND-12","SCN-02;SCN-07;SCN-09","PD-10","PORT-MANAGED;PORT-CLASSICAL;PORT-DEEP;PORT-EDGE;PORT-SHARED","CASE-12","durable","high"
"MLE-BCLM-048","MLE-CH-16","16","technical-method","MLE-BSRC-039;MLE-BSRC-040","MLE-CLM-013;MLE-CLM-016;MLE-CLM-018","BND-09;BND-10;BND-11;BND-12","SCN-02;SCN-07;SCN-09","PD-10","PORT-MANAGED;PORT-CLASSICAL;PORT-DEEP;PORT-EDGE;PORT-SHARED","CASE-12","durable","high"
"MLE-BCLM-049","MLE-CH-17","17","technical-doctrine","MLE-BSRC-024","MLE-CLM-003;MLE-CLM-004;MLE-CLM-013;MLE-CLM-016;MLE-CLM-017;MLE-CLM-018;MLE-CLM-019","BND-05;BND-09;BND-10;BND-11;BND-12","SCN-04;SCN-05","PD-10","PORT-MANAGED;PORT-CLASSICAL;PORT-DEEP;PORT-EDGE;PORT-SHARED","CASE-12","durable","high"
"MLE-BCLM-050","MLE-CH-17","17","technical-doctrine","MLE-BSRC-001","MLE-CLM-004;MLE-CLM-016;MLE-CLM-017;MLE-CLM-018;MLE-CLM-019","BND-05;BND-09;BND-10;BND-11;BND-12","SCN-04;SCN-05","PD-10","PORT-MANAGED;PORT-CLASSICAL;PORT-DEEP;PORT-EDGE;PORT-SHARED","","durable","high"
"MLE-BCLM-051","MLE-CH-17","17","technical-method","MLE-BSRC-005;MLE-BSRC-007;MLE-BSRC-024;MLE-BSRC-027;MLE-BSRC-039","MLE-CLM-003;MLE-CLM-004;MLE-CLM-013;MLE-CLM-016;MLE-CLM-017;MLE-CLM-018;MLE-CLM-019","BND-05;BND-09;BND-10;BND-11;BND-12","SCN-04;SCN-05","PD-10","PORT-MANAGED;PORT-CLASSICAL;PORT-DEEP;PORT-EDGE;PORT-SHARED","CASE-12","durable","high"
"MLE-BCLM-052","MLE-CH-18","18","technical-doctrine","MLE-BSRC-027;MLE-BSRC-031;MLE-BSRC-042","MLE-CLM-003;MLE-CLM-013;MLE-CLM-016;MLE-CLM-017;MLE-CLM-018;MLE-CLM-019;MLE-CLM-022","BND-05;BND-09;BND-10;BND-11;BND-12;BND-14","SCN-01;SCN-04;SCN-07;SCN-09","PD-11","PORT-MANAGED;PORT-CLASSICAL;PORT-DEEP;PORT-EDGE;PORT-SHARED","CASE-11;CASE-12","durable","high"
"MLE-BCLM-053","MLE-CH-18","18","technical-method","MLE-BSRC-007;MLE-BSRC-016;MLE-BSRC-027;MLE-BSRC-040","MLE-CLM-013;MLE-CLM-016;MLE-CLM-017;MLE-CLM-018;MLE-CLM-019;MLE-CLM-022","BND-05;BND-09;BND-10;BND-11;BND-12","SCN-01;SCN-04;SCN-07;SCN-09","PD-11","PORT-MANAGED;PORT-CLASSICAL;PORT-DEEP;PORT-EDGE;PORT-SHARED","CASE-12","durable","high"
"MLE-BCLM-054","MLE-CH-18","18","technical-method","MLE-BSRC-030;MLE-BSRC-039;MLE-BSRC-041","MLE-CLM-013;MLE-CLM-016;MLE-CLM-017;MLE-CLM-018;MLE-CLM-019;MLE-CLM-022","BND-05;BND-09;BND-10;BND-11;BND-12;BND-14","SCN-01;SCN-04;SCN-07;SCN-09","PD-11","PORT-MANAGED;PORT-CLASSICAL;PORT-DEEP;PORT-EDGE;PORT-SHARED","CASE-12","durable","high"
"MLE-BCLM-055","MLE-CH-19","19","technical-doctrine","MLE-BSRC-027;MLE-BSRC-030;MLE-BSRC-031;MLE-BSRC-036;MLE-BSRC-039","MLE-CLM-014;MLE-CLM-018;MLE-CLM-019;MLE-CLM-020","BND-05;BND-08;BND-13;BND-14;BND-15;BND-16;BND-17","SCN-06;SCN-08;SCN-10","PD-11","PORT-MANAGED;PORT-CLASSICAL;PORT-DEEP;PORT-EDGE;PORT-SHARED","CASE-11;CASE-12","durable","high"
"MLE-BCLM-056","MLE-CH-19","19","technical-method","MLE-BSRC-027;MLE-BSRC-031","MLE-CLM-014;MLE-CLM-018;MLE-CLM-019;MLE-CLM-020","BND-05;BND-08;BND-13;BND-14;BND-15;BND-16;BND-17","SCN-06;SCN-08;SCN-10","PD-11","PORT-MANAGED;PORT-CLASSICAL;PORT-DEEP;PORT-EDGE;PORT-SHARED","CASE-12","contextual","medium"
"MLE-BCLM-057","MLE-CH-19","19","technical-doctrine","MLE-BSRC-027;MLE-BSRC-031","MLE-CLM-014;MLE-CLM-018;MLE-CLM-019;MLE-CLM-020","BND-05;BND-08;BND-13;BND-14;BND-15;BND-16;BND-17","SCN-06;SCN-08;SCN-10","PD-11","PORT-MANAGED;PORT-CLASSICAL;PORT-DEEP;PORT-EDGE;PORT-SHARED","","durable","high"
"MLE-BCLM-058","MLE-CH-20","20","technical-doctrine","MLE-BSRC-016;MLE-BSRC-026;MLE-BSRC-027;MLE-BSRC-031","MLE-CLM-014;MLE-CLM-018;MLE-CLM-020;MLE-CLM-022","BND-08;BND-12;BND-14;BND-15;BND-16;BND-17","SCN-08;SCN-10","PD-12","PORT-MANAGED;PORT-CLASSICAL;PORT-DEEP;PORT-EDGE;PORT-SHARED","CASE-11;CASE-12","durable","high"
"MLE-BCLM-059","MLE-CH-20","20","technical-doctrine","MLE-BSRC-027;MLE-BSRC-029","MLE-CLM-014;MLE-CLM-018;MLE-CLM-020;MLE-CLM-022","BND-08;BND-12;BND-14;BND-15;BND-16;BND-17","SCN-08;SCN-10","PD-12","PORT-MANAGED;PORT-CLASSICAL;PORT-DEEP;PORT-EDGE;PORT-SHARED","","durable","high"
"MLE-BCLM-060","MLE-CH-20","20","technical-method","MLE-BSRC-026;MLE-BSRC-027;MLE-BSRC-029;MLE-BSRC-031;MLE-BSRC-042","MLE-CLM-014;MLE-CLM-018;MLE-CLM-020;MLE-CLM-022","BND-08;BND-12;BND-14;BND-15;BND-16;BND-17","SCN-08;SCN-10","PD-12","PORT-MANAGED;PORT-CLASSICAL;PORT-DEEP;PORT-EDGE;PORT-SHARED","CASE-11;CASE-12","contextual","medium"
"MLE-BCLM-061","MLE-CH-21","21","technical-method","MLE-BSRC-007;MLE-BSRC-027;MLE-BSRC-036;MLE-BSRC-039","MLE-CLM-001;MLE-CLM-002;MLE-CLM-005;MLE-CLM-006;MLE-CLM-007;MLE-CLM-015;MLE-CLM-018;MLE-CLM-019;MLE-CLM-020;MLE-CLM-021;MLE-CLM-022","BND-01;BND-02;BND-03;BND-04;BND-05;BND-06;BND-07;BND-08;BND-09;BND-10;BND-11;BND-12;BND-13;BND-14;BND-15;BND-16;BND-17","SCN-01;SCN-02;SCN-03;SCN-04;SCN-05;SCN-06;SCN-07;SCN-08;SCN-09;SCN-10","PD-12","PORT-MANAGED;PORT-CLASSICAL;PORT-DEEP;PORT-EDGE;PORT-SHARED","CASE-11;CASE-12","durable","high"
"MLE-BCLM-062","MLE-CH-21","21","technical-doctrine","MLE-BSRC-027;MLE-BSRC-030;MLE-BSRC-041","MLE-CLM-001;MLE-CLM-002;MLE-CLM-015;MLE-CLM-018;MLE-CLM-019;MLE-CLM-020;MLE-CLM-021;MLE-CLM-022","BND-05;BND-09;BND-10;BND-12;BND-13;BND-14;BND-15;BND-16;BND-17","SCN-01;SCN-04;SCN-06;SCN-08;SCN-10","PD-12","PORT-MANAGED;PORT-CLASSICAL;PORT-DEEP;PORT-EDGE;PORT-SHARED","CASE-11;CASE-12","contextual","medium"
"MLE-BCLM-063","MLE-CH-21","21","technical-doctrine","MLE-BSRC-005;MLE-BSRC-007","MLE-CLM-001;MLE-CLM-002;MLE-CLM-005;MLE-CLM-006;MLE-CLM-007;MLE-CLM-015;MLE-CLM-018;MLE-CLM-019;MLE-CLM-020;MLE-CLM-021;MLE-CLM-022","BND-01;BND-02;BND-03;BND-04;BND-05;BND-06;BND-07;BND-08;BND-09;BND-10;BND-11;BND-12;BND-13;BND-14;BND-15;BND-16;BND-17","SCN-01;SCN-02;SCN-03;SCN-04;SCN-05;SCN-06;SCN-07;SCN-08;SCN-09;SCN-10","PD-12","PORT-MANAGED;PORT-CLASSICAL;PORT-DEEP;PORT-EDGE;PORT-SHARED","","durable","high"
