chapter,chapter_title,claim_ids,primary_source_ids,claim_status
1,"The Profession Behind the Agent","AGE-BCLM-001;AGE-BCLM-002","AGE-BSRC-001;AGE-BSRC-002;AGE-BSRC-036","supported with catalog-boundary qualification"
2,"Earn the Right to Use Autonomy","AGE-BCLM-003;AGE-BCLM-004","AGE-BSRC-001;AGE-BSRC-002;AGE-BSRC-013;AGE-BSRC-023;AGE-BSRC-036;AGE-BSRC-042","one supported synthesis; one disputed generalization"
3,"Contract the Goal, Actions, and Authority","AGE-BCLM-005;AGE-BCLM-006","AGE-BSRC-001;AGE-BSRC-023;AGE-BSRC-030;AGE-BSRC-036;AGE-BSRC-037;AGE-BSRC-043","supported with local authority boundary"
4,"Make the Loop Inspectable","AGE-BCLM-007;AGE-BCLM-008","AGE-BSRC-003;AGE-BSRC-019;AGE-BSRC-020;AGE-BSRC-040","supported; provider-neutral abstraction required"
5,"Treat Tools as Capabilities, Not Functions","AGE-BCLM-009;AGE-BCLM-010","AGE-BSRC-004;AGE-BSRC-005;AGE-BSRC-014;AGE-BSRC-024","supported with effect-specific limitations"
6,"Bind Identity, Delegation, and Consent","AGE-BCLM-011;AGE-BCLM-012","AGE-BSRC-006;AGE-BSRC-007;AGE-BSRC-008;AGE-BSRC-009;AGE-BSRC-017;AGE-BSRC-024;AGE-BSRC-038;AGE-BSRC-044","supported; NIST concept paper explicitly non-normative"
7,"Engineer State, Context, Artifacts, and Memory","AGE-BCLM-013;AGE-BCLM-014","AGE-BSRC-010;AGE-BSRC-011;AGE-BSRC-012;AGE-BSRC-022;AGE-BSRC-024;AGE-BSRC-035","supported synthesis; framework storage is not governance"
8,"Start With One Agent","AGE-BCLM-015;AGE-BCLM-016","AGE-BSRC-001;AGE-BSRC-002;AGE-BSRC-003;AGE-BSRC-013;AGE-BSRC-040;AGE-BSRC-042","supported design rule plus bounded SDK example"
9,"Add Handoffs and Multiple Agents Only With Evidence","AGE-BCLM-017;AGE-BCLM-018","AGE-BSRC-013;AGE-BSRC-031;AGE-BSRC-042","coordination claim supported; cost-effectiveness disputed"
10,"Make Execution Durable and Effects Recoverable","AGE-BCLM-019;AGE-BCLM-020","AGE-BSRC-003;AGE-BSRC-014;AGE-BSRC-015;AGE-BSRC-016;AGE-BSRC-041","supported with service/runtime limitations"
11,"Design Human Checkpoints That Can Actually Work","AGE-BCLM-021;AGE-BCLM-022","AGE-BSRC-003;AGE-BSRC-009;AGE-BSRC-017;AGE-BSRC-030;AGE-BSRC-041;AGE-BSRC-043","supported mechanism; formal authority remains local"
12,"Build a Representative Task Environment","AGE-BCLM-023;AGE-BCLM-024","AGE-BSRC-018;AGE-BSRC-019;AGE-BSRC-020;AGE-BSRC-021;AGE-BSRC-036","supported; no benchmark transfer claim"
13,"Evaluate Outcomes, Actions, State, and Efficiency","AGE-BCLM-025;AGE-BCLM-026","AGE-BSRC-018;AGE-BSRC-019;AGE-BSRC-020;AGE-BSRC-021;AGE-BSRC-036;AGE-BSRC-040","supported synthesis; uncertainty required"
14,"Attack Assumptions and Inject Failure","AGE-BCLM-027;AGE-BCLM-028","AGE-BSRC-007;AGE-BSRC-022;AGE-BSRC-023;AGE-BSRC-024;AGE-BSRC-030;AGE-BSRC-037","supported threat scope; no sufficiency claim"
15,"Trace Runs Without Turning Logs Into Surveillance","AGE-BCLM-029;AGE-BCLM-030","AGE-BSRC-025;AGE-BSRC-026;AGE-BSRC-027;AGE-BSRC-029;AGE-BSRC-040","supported with privacy/access caveats"
16,"Budget Quality, Time, Cost, and Capacity","AGE-BCLM-031;AGE-BCLM-032","AGE-BSRC-013;AGE-BSRC-015;AGE-BSRC-025;AGE-BSRC-027;AGE-BSRC-028","supported synthesis; workload-specific thresholds"
17,"Release, Interrupt, Recover, and Learn","AGE-BCLM-033;AGE-BCLM-034","AGE-BSRC-014;AGE-BSRC-015;AGE-BSRC-028;AGE-BSRC-029;AGE-BSRC-036;AGE-BSRC-037","supported adaptation; irreversible effects explicit"
18,"Interoperate Without Surrendering Semantics","AGE-BCLM-035;AGE-BCLM-036","AGE-BSRC-004;AGE-BSRC-006;AGE-BSRC-024;AGE-BSRC-031;AGE-BSRC-032;AGE-BSRC-038;AGE-BSRC-039;AGE-BSRC-044","supported; protocols do not confer trust"
19,"Replay Change Across Model, Tool, Policy, and Harness","AGE-BCLM-037;AGE-BCLM-038","AGE-BSRC-019;AGE-BSRC-020;AGE-BSRC-021;AGE-BSRC-025;AGE-BSRC-028;AGE-BSRC-031;AGE-BSRC-033;AGE-BSRC-035;AGE-BSRC-039;AGE-BSRC-041","supported; replay remains bounded"
20,"Lead the Evidence, Not the Hype","AGE-BCLM-039;AGE-BCLM-040","AGE-BSRC-001;AGE-BSRC-013;AGE-BSRC-018;AGE-BSRC-021;AGE-BSRC-029;AGE-BSRC-036;AGE-BSRC-037","normative leadership synthesis with named limits"
